binder_position,consensus_amino_acid,consensus_frequency,entropy_nats,normalized_entropy_log20,effective_amino_acids_exp_entropy,invariant_in_100_samples,frequency_A,frequency_C,frequency_D,frequency_E,frequency_F,frequency_G,frequency_H,frequency_I,frequency_K,frequency_L,frequency_M,frequency_N,frequency_P,frequency_Q,frequency_R,frequency_S,frequency_T,frequency_V,frequency_W,frequency_Y
1,V,0.3600000000,1.2730506164,0.4249547357,3.5717319435,False,0.3200000000,0.0000000000,0.0000000000,0.0000000000,0.0000000000,0.0000000000,0.0000000000,0.0100000000,0.0000000000,0.2800000000,0.0100000000,0.0000000000,0.0100000000,0.0000000000,0.0100000000,0.0000000000,0.0000000000,0.3600000000,0.0000000000,0.0000000000
2,E,0.9000000000,0.4280482748,0.1428860244,1.5342601453,False,0.0200000000,0.0000000000,0.0000000000,0.9000000000,0.0000000000,0.0000000000,0.0000000000,0.0000000000,0.0500000000,0.0000000000,0.0000000000,0.0000000000,0.0000000000,0.0300000000,0.0000000000,0.0000000000,0.0000000000,0.0000000000,0.0000000000,0.0000000000
3,E,0.7400000000,0.6435661541,0.2148276599,1.9032560960,False,0.0200000000,0.0000000000,0.0000000000,0.7400000000,0.0000000000,0.0000000000,0.0000000000,0.0000000000,0.2400000000,0.0000000000,0.0000000000,0.0000000000,0.0000000000,0.0000000000,0.0000000000,0.0000000000,0.0000000000,0.0000000000,0.0000000000,0.0000000000
4,A,0.8900000000,0.4559569365,0.1522021646,1.5776824028,False,0.8900000000,0.0000000000,0.0000000000,0.0200000000,0.0000000000,0.0000000000,0.0000000000,0.0000000000,0.0300000000,0.0000000000,0.0000000000,0.0000000000,0.0000000000,0.0000000000,0.0000000000,0.0000000000,0.0000000000,0.0600000000,0.0000000000,0.0000000000
5,L,0.5200000000,0.6923469671,0.2311110953,1.9984002132,False,0.0000000000,0.0000000000,0.0000000000,0.0000000000,0.0000000000,0.0000000000,0.0000000000,0.4800000000,0.0000000000,0.5200000000,0.0000000000,0.0000000000,0.0000000000,0.0000000000,0.0000000000,0.0000000000,0.0000000000,0.0000000000,0.0000000000,0.0000000000
6,K,0.6200000000,1.0190111674,0.3401542843,2.7704538940,False,0.0200000000,0.0000000000,0.0100000000,0.2200000000,0.0000000000,0.0000000000,0.0000000000,0.0000000000,0.6200000000,0.0000000000,0.0000000000,0.0000000000,0.0000000000,0.0000000000,0.1300000000,0.0000000000,0.0000000000,0.0000000000,0.0000000000,0.0000000000
7,E,0.4600000000,1.1297436458,0.3771176936,3.0948630171,False,0.0200000000,0.0000000000,0.0000000000,0.4600000000,0.0000000000,0.0000000000,0.0000000000,0.0000000000,0.3000000000,0.0000000000,0.0000000000,0.0000000000,0.0000000000,0.0000000000,0.2200000000,0.0000000000,0.0000000000,0.0000000000,0.0000000000,0.0000000000
8,A,1.0000000000,-0.0000000000,-0.0000000000,1.0000000000,True,1.0000000000,0.0000000000,0.0000000000,0.0000000000,0.0000000000,0.0000000000,0.0000000000,0.0000000000,0.0000000000,0.0000000000,0.0000000000,0.0000000000,0.0000000000,0.0000000000,0.0000000000,0.0000000000,0.0000000000,0.0000000000,0.0000000000,0.0000000000
9,E,0.6600000000,1.0515325276,0.3510101810,2.8620339048,False,0.0300000000,0.0000000000,0.0000000000,0.6600000000,0.0000000000,0.0000000000,0.0000000000,0.0000000000,0.1700000000,0.0000000000,0.0000000000,0.0000000000,0.0000000000,0.0600000000,0.0800000000,0.0000000000,0.0000000000,0.0000000000,0.0000000000,0.0000000000
10,K,0.4200000000,1.1103580042,0.3706466075,3.0354449018,False,0.0300000000,0.0000000000,0.0000000000,0.4100000000,0.0000000000,0.0000000000,0.0000000000,0.0000000000,0.4200000000,0.0000000000,0.0000000000,0.0000000000,0.0000000000,0.0000000000,0.1400000000,0.0000000000,0.0000000000,0.0000000000,0.0000000000,0.0000000000
11,A,0.6100000000,1.2222249371,0.4079887071,3.3947324035,False,0.6100000000,0.0000000000,0.0000000000,0.0300000000,0.0000000000,0.0000000000,0.0000000000,0.0900000000,0.0600000000,0.0000000000,0.0000000000,0.0000000000,0.0000000000,0.0000000000,0.0000000000,0.0000000000,0.0400000000,0.1700000000,0.0000000000,0.0000000000
12,A,0.9400000000,0.2876517784,0.0960205226,1.3332929419,False,0.9400000000,0.0000000000,0.0000000000,0.0100000000,0.0000000000,0.0000000000,0.0000000000,0.0300000000,0.0000000000,0.0000000000,0.0000000000,0.0000000000,0.0000000000,0.0000000000,0.0000000000,0.0000000000,0.0000000000,0.0200000000,0.0000000000,0.0000000000
13,K,0.5100000000,1.0060432170,0.3358254761,2.7347587321,False,0.0200000000,0.0000000000,0.0000000000,0.3800000000,0.0000000000,0.0000000000,0.0000000000,0.0000000000,0.5100000000,0.0000000000,0.0000000000,0.0000000000,0.0000000000,0.0000000000,0.0900000000,0.0000000000,0.0000000000,0.0000000000,0.0000000000,0.0000000000
14,E,0.7900000000,0.6542404125,0.2183908149,1.9236807585,False,0.0000000000,0.0000000000,0.0100000000,0.7900000000,0.0000000000,0.0000000000,0.0000000000,0.0000000000,0.0400000000,0.0000000000,0.0000000000,0.0000000000,0.0000000000,0.0000000000,0.1600000000,0.0000000000,0.0000000000,0.0000000000,0.0000000000,0.0000000000
15,A,0.9700000000,0.1347421682,0.0449780407,1.1442417244,False,0.9700000000,0.0000000000,0.0000000000,0.0000000000,0.0000000000,0.0000000000,0.0000000000,0.0000000000,0.0000000000,0.0300000000,0.0000000000,0.0000000000,0.0000000000,0.0000000000,0.0000000000,0.0000000000,0.0000000000,0.0000000000,0.0000000000,0.0000000000
16,K,0.4300000000,1.0922318808,0.3645959589,2.9809197112,False,0.0200000000,0.0000000000,0.0000000000,0.4000000000,0.0000000000,0.0000000000,0.0000000000,0.0000000000,0.4300000000,0.0000000000,0.0000000000,0.0000000000,0.0000000000,0.0000000000,0.1500000000,0.0000000000,0.0000000000,0.0000000000,0.0000000000,0.0000000000
17,K,0.4500000000,1.0728806696,0.3581363659,2.9237898529,False,0.0300000000,0.0000000000,0.0000000000,0.4100000000,0.0000000000,0.0000000000,0.0000000000,0.0000000000,0.4500000000,0.0000000000,0.0000000000,0.0000000000,0.0000000000,0.0000000000,0.1100000000,0.0000000000,0.0000000000,0.0000000000,0.0000000000,0.0000000000
18,A,0.9900000000,0.0560015344,0.0186937714,1.0575993065,False,0.9900000000,0.0000000000,0.0000000000,0.0000000000,0.0000000000,0.0000000000,0.0000000000,0.0000000000,0.0000000000,0.0000000000,0.0000000000,0.0000000000,0.0000000000,0.0000000000,0.0000000000,0.0000000000,0.0000000000,0.0000000000,0.0000000000,0.0100000000
19,A,1.0000000000,-0.0000000000,-0.0000000000,1.0000000000,True,1.0000000000,0.0000000000,0.0000000000,0.0000000000,0.0000000000,0.0000000000,0.0000000000,0.0000000000,0.0000000000,0.0000000000,0.0000000000,0.0000000000,0.0000000000,0.0000000000,0.0000000000,0.0000000000,0.0000000000,0.0000000000,0.0000000000,0.0000000000
20,K,0.7000000000,0.7083891941,0.2364661223,2.0307175308,False,0.0000000000,0.0000000000,0.0000000000,0.2700000000,0.0000000000,0.0000000000,0.0000000000,0.0000000000,0.7000000000,0.0000000000,0.0000000000,0.0000000000,0.0000000000,0.0000000000,0.0300000000,0.0000000000,0.0000000000,0.0000000000,0.0000000000,0.0000000000
21,E,0.7900000000,0.6191765225,0.2066862009,1.8573978866,False,0.0200000000,0.0000000000,0.0000000000,0.7900000000,0.0000000000,0.0000000000,0.0000000000,0.0000000000,0.1800000000,0.0000000000,0.0000000000,0.0000000000,0.0000000000,0.0000000000,0.0100000000,0.0000000000,0.0000000000,0.0000000000,0.0000000000,0.0000000000
22,L,0.6400000000,0.6534181948,0.2181163519,1.9220997241,False,0.3600000000,0.0000000000,0.0000000000,0.0000000000,0.0000000000,0.0000000000,0.0000000000,0.0000000000,0.0000000000,0.6400000000,0.0000000000,0.0000000000,0.0000000000,0.0000000000,0.0000000000,0.0000000000,0.0000000000,0.0000000000,0.0000000000,0.0000000000
23,K,0.5400000000,0.8680614510,0.2897660311,2.3822881921,False,0.0000000000,0.0000000000,0.0000000000,0.4000000000,0.0000000000,0.0000000000,0.0000000000,0.0000000000,0.5400000000,0.0000000000,0.0000000000,0.0000000000,0.0000000000,0.0000000000,0.0600000000,0.0000000000,0.0000000000,0.0000000000,0.0000000000,0.0000000000
24,K,0.4900000000,0.8969210906,0.2993996154,2.4520418621,False,0.0000000000,0.0000000000,0.0000000000,0.4400000000,0.0000000000,0.0000000000,0.0000000000,0.0000000000,0.4900000000,0.0000000000,0.0000000000,0.0000000000,0.0000000000,0.0000000000,0.0700000000,0.0000000000,0.0000000000,0.0000000000,0.0000000000,0.0000000000
25,E,0.8500000000,0.4227090878,0.1411037600,1.5260902731,False,0.1500000000,0.0000000000,0.0000000000,0.8500000000,0.0000000000,0.0000000000,0.0000000000,0.0000000000,0.0000000000,0.0000000000,0.0000000000,0.0000000000,0.0000000000,0.0000000000,0.0000000000,0.0000000000,0.0000000000,0.0000000000,0.0000000000,0.0000000000
26,A,1.0000000000,-0.0000000000,-0.0000000000,1.0000000000,True,1.0000000000,0.0000000000,0.0000000000,0.0000000000,0.0000000000,0.0000000000,0.0000000000,0.0000000000,0.0000000000,0.0000000000,0.0000000000,0.0000000000,0.0000000000,0.0000000000,0.0000000000,0.0000000000,0.0000000000,0.0000000000,0.0000000000,0.0000000000
27,K,0.5600000000,0.7336571894,0.2449007863,2.0826834646,False,0.0100000000,0.0000000000,0.0000000000,0.4300000000,0.0000000000,0.0000000000,0.0000000000,0.0000000000,0.5600000000,0.0000000000,0.0000000000,0.0000000000,0.0000000000,0.0000000000,0.0000000000,0.0000000000,0.0000000000,0.0000000000,0.0000000000,0.0000000000
28,K,0.9300000000,0.2955178181,0.0986462711,1.3438220340,False,0.0000000000,0.0000000000,0.0000000000,0.0500000000,0.0000000000,0.0000000000,0.0000000000,0.0000000000,0.9300000000,0.0000000000,0.0000000000,0.0000000000,0.0000000000,0.0000000000,0.0200000000,0.0000000000,0.0000000000,0.0000000000,0.0000000000,0.0000000000
29,A,1.0000000000,-0.0000000000,-0.0000000000,1.0000000000,True,1.0000000000,0.0000000000,0.0000000000,0.0000000000,0.0000000000,0.0000000000,0.0000000000,0.0000000000,0.0000000000,0.0000000000,0.0000000000,0.0000000000,0.0000000000,0.0000000000,0.0000000000,0.0000000000,0.0000000000,0.0000000000,0.0000000000,0.0000000000
30,S,0.9800000000,0.1119020569,0.0373538243,1.1184033154,False,0.0000000000,0.0000000000,0.0000000000,0.0100000000,0.0000000000,0.0000000000,0.0000000000,0.0000000000,0.0000000000,0.0000000000,0.0000000000,0.0000000000,0.0000000000,0.0000000000,0.0000000000,0.9800000000,0.0100000000,0.0000000000,0.0000000000,0.0000000000
31,P,0.9000000000,0.3250829734,0.1085153624,1.3841454885,False,0.0000000000,0.0000000000,0.0000000000,0.1000000000,0.0000000000,0.0000000000,0.0000000000,0.0000000000,0.0000000000,0.0000000000,0.0000000000,0.0000000000,0.9000000000,0.0000000000,0.0000000000,0.0000000000,0.0000000000,0.0000000000,0.0000000000,0.0000000000
32,E,1.0000000000,-0.0000000000,-0.0000000000,1.0000000000,True,0.0000000000,0.0000000000,0.0000000000,1.0000000000,0.0000000000,0.0000000000,0.0000000000,0.0000000000,0.0000000000,0.0000000000,0.0000000000,0.0000000000,0.0000000000,0.0000000000,0.0000000000,0.0000000000,0.0000000000,0.0000000000,0.0000000000,0.0000000000
33,A,1.0000000000,-0.0000000000,-0.0000000000,1.0000000000,True,1.0000000000,0.0000000000,0.0000000000,0.0000000000,0.0000000000,0.0000000000,0.0000000000,0.0000000000,0.0000000000,0.0000000000,0.0000000000,0.0000000000,0.0000000000,0.0000000000,0.0000000000,0.0000000000,0.0000000000,0.0000000000,0.0000000000,0.0000000000
34,K,0.5000000000,1.0361120807,0.3458627094,2.8182386023,False,0.2800000000,0.0000000000,0.0000000000,0.0000000000,0.0000000000,0.0000000000,0.0000000000,0.0000000000,0.5000000000,0.0000000000,0.0000000000,0.0000000000,0.0000000000,0.0000000000,0.2200000000,0.0000000000,0.0000000000,0.0000000000,0.0000000000,0.0000000000
35,K,0.7800000000,0.5269079614,0.1758861985,1.6936872575,False,0.0000000000,0.0000000000,0.0000000000,0.2200000000,0.0000000000,0.0000000000,0.0000000000,0.0000000000,0.7800000000,0.0000000000,0.0000000000,0.0000000000,0.0000000000,0.0000000000,0.0000000000,0.0000000000,0.0000000000,0.0000000000,0.0000000000,0.0000000000
36,V,1.0000000000,-0.0000000000,-0.0000000000,1.0000000000,True,0.0000000000,0.0000000000,0.0000000000,0.0000000000,0.0000000000,0.0000000000,0.0000000000,0.0000000000,0.0000000000,0.0000000000,0.0000000000,0.0000000000,0.0000000000,0.0000000000,0.0000000000,0.0000000000,0.0000000000,1.0000000000,0.0000000000,0.0000000000
37,L,1.0000000000,-0.0000000000,-0.0000000000,1.0000000000,True,0.0000000000,0.0000000000,0.0000000000,0.0000000000,0.0000000000,0.0000000000,0.0000000000,0.0000000000,0.0000000000,1.0000000000,0.0000000000,0.0000000000,0.0000000000,0.0000000000,0.0000000000,0.0000000000,0.0000000000,0.0000000000,0.0000000000,0.0000000000
38,E,0.7000000000,0.8711332706,0.2907914296,2.3896174028,False,0.0000000000,0.0000000000,0.0000000000,0.7000000000,0.0000000000,0.0000000000,0.0000000000,0.0000000000,0.2000000000,0.0500000000,0.0000000000,0.0000000000,0.0000000000,0.0000000000,0.0500000000,0.0000000000,0.0000000000,0.0000000000,0.0000000000,0.0000000000
39,K,0.5600000000,0.9074280433,0.3029069224,2.4779411733,False,0.0100000000,0.0000000000,0.0000000000,0.3700000000,0.0000000000,0.0000000000,0.0000000000,0.0000000000,0.5600000000,0.0000000000,0.0000000000,0.0000000000,0.0000000000,0.0000000000,0.0600000000,0.0000000000,0.0000000000,0.0000000000,0.0000000000,0.0000000000
40,I,1.0000000000,-0.0000000000,-0.0000000000,1.0000000000,True,0.0000000000,0.0000000000,0.0000000000,0.0000000000,0.0000000000,0.0000000000,0.0000000000,1.0000000000,0.0000000000,0.0000000000,0.0000000000,0.0000000000,0.0000000000,0.0000000000,0.0000000000,0.0000000000,0.0000000000,0.0000000000,0.0000000000,0.0000000000
41,A,1.0000000000,-0.0000000000,-0.0000000000,1.0000000000,True,1.0000000000,0.0000000000,0.0000000000,0.0000000000,0.0000000000,0.0000000000,0.0000000000,0.0000000000,0.0000000000,0.0000000000,0.0000000000,0.0000000000,0.0000000000,0.0000000000,0.0000000000,0.0000000000,0.0000000000,0.0000000000,0.0000000000,0.0000000000
42,K,0.5800000000,0.9045946476,0.3019611117,2.4709301225,False,0.0400000000,0.0000000000,0.0100000000,0.3600000000,0.0000000000,0.0000000000,0.0000000000,0.0000000000,0.5800000000,0.0000000000,0.0000000000,0.0000000000,0.0000000000,0.0000000000,0.0100000000,0.0000000000,0.0000000000,0.0000000000,0.0000000000,0.0000000000
43,E,0.9500000000,0.2512612517,0.0838730663,1.2856459177,False,0.0000000000,0.0000000000,0.0100000000,0.9500000000,0.0000000000,0.0000000000,0.0000000000,0.0000000000,0.0200000000,0.0000000000,0.0000000000,0.0000000000,0.0000000000,0.0000000000,0.0200000000,0.0000000000,0.0000000000,0.0000000000,0.0000000000,0.0000000000
44,A,0.8900000000,0.3800253076,0.1268555642,1.4623215969,False,0.8900000000,0.0000000000,0.0000000000,0.0000000000,0.0000000000,0.0000000000,0.0000000000,0.0000000000,0.0000000000,0.0100000000,0.0000000000,0.0000000000,0.0000000000,0.0000000000,0.0000000000,0.0000000000,0.0000000000,0.1000000000,0.0000000000,0.0000000000
45,E,0.5100000000,0.9764288790,0.3259399672,2.6549581158,False,0.0000000000,0.0000000000,0.0000000000,0.5100000000,0.0000000000,0.0000000000,0.0000000000,0.0000000000,0.3600000000,0.0000000000,0.0000000000,0.0000000000,0.0000000000,0.0000000000,0.1300000000,0.0000000000,0.0000000000,0.0000000000,0.0000000000,0.0000000000
46,K,0.4300000000,1.2269342799,0.4095607243,3.4107570651,False,0.1100000000,0.0000000000,0.0000000000,0.3400000000,0.0000000000,0.0000000000,0.0000000000,0.0000000000,0.4300000000,0.0000000000,0.0000000000,0.0000000000,0.0000000000,0.0000000000,0.1200000000,0.0000000000,0.0000000000,0.0000000000,0.0000000000,0.0000000000
47,A,0.9500000000,0.1985152433,0.0662660162,1.2195906179,False,0.9500000000,0.0000000000,0.0000000000,0.0000000000,0.0000000000,0.0000000000,0.0000000000,0.0000000000,0.0500000000,0.0000000000,0.0000000000,0.0000000000,0.0000000000,0.0000000000,0.0000000000,0.0000000000,0.0000000000,0.0000000000,0.0000000000,0.0000000000
48,A,0.9900000000,0.0560015344,0.0186937714,1.0575993065,False,0.9900000000,0.0000000000,0.0000000000,0.0000000000,0.0000000000,0.0000000000,0.0000000000,0.0000000000,0.0000000000,0.0000000000,0.0000000000,0.0000000000,0.0000000000,0.0000000000,0.0100000000,0.0000000000,0.0000000000,0.0000000000,0.0000000000,0.0000000000
49,K,0.5700000000,0.8952766176,0.2988506768,2.4480128592,False,0.0200000000,0.0000000000,0.0000000000,0.3700000000,0.0000000000,0.0000000000,0.0000000000,0.0000000000,0.5700000000,0.0000000000,0.0000000000,0.0000000000,0.0000000000,0.0000000000,0.0400000000,0.0000000000,0.0000000000,0.0000000000,0.0000000000,0.0000000000
50,E,0.4100000000,1.1790451357,0.3935749353,3.2512682004,False,0.1000000000,0.0000000000,0.0000000000,0.4100000000,0.0000000000,0.0000000000,0.0000000000,0.0000000000,0.4000000000,0.0000000000,0.0000000000,0.0000000000,0.0000000000,0.0000000000,0.0900000000,0.0000000000,0.0000000000,0.0000000000,0.0000000000,0.0000000000
51,L,0.8800000000,0.3669249913,0.1224825711,1.4432896557,False,0.1200000000,0.0000000000,0.0000000000,0.0000000000,0.0000000000,0.0000000000,0.0000000000,0.0000000000,0.0000000000,0.8800000000,0.0000000000,0.0000000000,0.0000000000,0.0000000000,0.0000000000,0.0000000000,0.0000000000,0.0000000000,0.0000000000,0.0000000000
52,E,0.4300000000,1.1590829038,0.3869113786,3.1870091415,False,0.1100000000,0.0000000000,0.0000000000,0.4300000000,0.0000000000,0.0000000000,0.0000000000,0.0000000000,0.3900000000,0.0000000000,0.0000000000,0.0000000000,0.0000000000,0.0000000000,0.0700000000,0.0000000000,0.0000000000,0.0000000000,0.0000000000,0.0000000000
53,E,0.5700000000,1.0623579204,0.3546237859,2.8931848523,False,0.0600000000,0.0000000000,0.0000000000,0.5700000000,0.0000000000,0.0000000000,0.0000000000,0.0000000000,0.2800000000,0.0000000000,0.0000000000,0.0000000000,0.0000000000,0.0000000000,0.0900000000,0.0000000000,0.0000000000,0.0000000000,0.0000000000,0.0000000000
54,A,0.9100000000,0.3789195233,0.1264864443,1.4607054782,False,0.9100000000,0.0000000000,0.0000000000,0.0000000000,0.0000000000,0.0000000000,0.0000000000,0.0000000000,0.0200000000,0.0600000000,0.0000000000,0.0000000000,0.0000000000,0.0000000000,0.0000000000,0.0000000000,0.0100000000,0.0000000000,0.0000000000,0.0000000000
55,A,0.8100000000,0.5253994543,0.1753826465,1.6911342443,False,0.8100000000,0.0000000000,0.0000000000,0.0000000000,0.0000000000,0.0000000000,0.0000000000,0.0000000000,0.0000000000,0.0100000000,0.0000000000,0.0000000000,0.0000000000,0.0000000000,0.1800000000,0.0000000000,0.0000000000,0.0000000000,0.0000000000,0.0000000000
56,E,0.4700000000,1.2062188814,0.4026457545,3.3408286714,False,0.0300000000,0.0000000000,0.0200000000,0.4700000000,0.0000000000,0.0000000000,0.0000000000,0.0000000000,0.3500000000,0.0000000000,0.0000000000,0.0000000000,0.0000000000,0.0100000000,0.1200000000,0.0000000000,0.0000000000,0.0000000000,0.0000000000,0.0000000000
57,K,0.4900000000,1.1380854316,0.3799022502,3.1207876804,False,0.0300000000,0.0000000000,0.0000000000,0.2600000000,0.0000000000,0.0000000000,0.0000000000,0.0000000000,0.4900000000,0.0000000000,0.0000000000,0.0000000000,0.0000000000,0.0000000000,0.2200000000,0.0000000000,0.0000000000,0.0000000000,0.0000000000,0.0000000000
58,A,0.7700000000,0.6932217731,0.2314031127,2.0001491906,False,0.7700000000,0.1400000000,0.0000000000,0.0000000000,0.0000000000,0.0000000000,0.0000000000,0.0000000000,0.0000000000,0.0000000000,0.0000000000,0.0000000000,0.0000000000,0.0000000000,0.0000000000,0.0000000000,0.0900000000,0.0000000000,0.0000000000,0.0000000000
59,K,0.6500000000,0.9928908505,0.3314351083,2.6990256852,False,0.0500000000,0.0000000000,0.0000000000,0.1800000000,0.0000000000,0.0000000000,0.0000000000,0.0000000000,0.6500000000,0.0000000000,0.0000000000,0.0000000000,0.0000000000,0.0000000000,0.1200000000,0.0000000000,0.0000000000,0.0000000000,0.0000000000,0.0000000000
60,K,0.4800000000,1.0162286698,0.3392254638,2.7627558276,False,0.0500000000,0.0000000000,0.0000000000,0.4200000000,0.0000000000,0.0000000000,0.0000000000,0.0000000000,0.4800000000,0.0000000000,0.0000000000,0.0000000000,0.0000000000,0.0000000000,0.0500000000,0.0000000000,0.0000000000,0.0000000000,0.0000000000,0.0000000000
61,D,0.9900000000,0.0560015344,0.0186937714,1.0575993065,False,0.0000000000,0.0000000000,0.9900000000,0.0000000000,0.0000000000,0.0000000000,0.0000000000,0.0000000000,0.0000000000,0.0000000000,0.0000000000,0.0100000000,0.0000000000,0.0000000000,0.0000000000,0.0000000000,0.0000000000,0.0000000000,0.0000000000,0.0000000000
62,P,0.9900000000,0.0560015344,0.0186937714,1.0575993065,False,0.0000000000,0.0000000000,0.0000000000,0.0000000000,0.0000000000,0.0000000000,0.0000000000,0.0000000000,0.0100000000,0.0000000000,0.0000000000,0.0000000000,0.9900000000,0.0000000000,0.0000000000,0.0000000000,0.0000000000,0.0000000000,0.0000000000,0.0000000000
63,S,0.5300000000,1.2061582139,0.4026255031,3.3406259976,False,0.0400000000,0.0000000000,0.0000000000,0.0300000000,0.0000000000,0.0000000000,0.0000000000,0.0000000000,0.1600000000,0.0000000000,0.0000000000,0.0000000000,0.0000000000,0.0000000000,0.2400000000,0.5300000000,0.0000000000,0.0000000000,0.0000000000,0.0000000000
64,Y,0.7800000000,0.7395764241,0.2468766754,2.0950479147,False,0.0700000000,0.0000000000,0.0000000000,0.0000000000,0.0000000000,0.0000000000,0.0000000000,0.0000000000,0.1200000000,0.0000000000,0.0000000000,0.0000000000,0.0000000000,0.0000000000,0.0300000000,0.0000000000,0.0000000000,0.0000000000,0.0000000000,0.7800000000
65,L,0.8900000000,0.4300655500,0.1435594074,1.5373582941,False,0.0200000000,0.0000000000,0.0000000000,0.0000000000,0.0000000000,0.0000000000,0.0000000000,0.0000000000,0.0100000000,0.8900000000,0.0000000000,0.0000000000,0.0000000000,0.0000000000,0.0000000000,0.0000000000,0.0000000000,0.0800000000,0.0000000000,0.0000000000
66,P,0.4800000000,1.0047465429,0.3353926356,2.7312149393,False,0.0000000000,0.0000000000,0.0000000000,0.3700000000,0.0000000000,0.0000000000,0.0000000000,0.0000000000,0.1500000000,0.0000000000,0.0000000000,0.0000000000,0.4800000000,0.0000000000,0.0000000000,0.0000000000,0.0000000000,0.0000000000,0.0000000000,0.0000000000
67,E,0.9600000000,0.2095329786,0.0699438266,1.2331020404,False,0.0200000000,0.0000000000,0.0000000000,0.9600000000,0.0000000000,0.0000000000,0.0000000000,0.0000000000,0.0100000000,0.0000000000,0.0000000000,0.0000000000,0.0000000000,0.0100000000,0.0000000000,0.0000000000,0.0000000000,0.0000000000,0.0000000000,0.0000000000
68,L,1.0000000000,-0.0000000000,-0.0000000000,1.0000000000,True,0.0000000000,0.0000000000,0.0000000000,0.0000000000,0.0000000000,0.0000000000,0.0000000000,0.0000000000,0.0000000000,1.0000000000,0.0000000000,0.0000000000,0.0000000000,0.0000000000,0.0000000000,0.0000000000,0.0000000000,0.0000000000,0.0000000000,0.0000000000
69,E,0.6000000000,0.8487398527,0.2833163231,2.3367004091,False,0.0000000000,0.0000000000,0.0000000000,0.6000000000,0.0000000000,0.0000000000,0.0000000000,0.0000000000,0.3500000000,0.0000000000,0.0000000000,0.0000000000,0.0000000000,0.0100000000,0.0400000000,0.0000000000,0.0000000000,0.0000000000,0.0000000000,0.0000000000
70,K,0.5500000000,1.0245491591,0.3420029113,2.7858392072,False,0.0200000000,0.0000000000,0.0000000000,0.3100000000,0.0000000000,0.0000000000,0.0000000000,0.0000000000,0.5500000000,0.0000000000,0.0000000000,0.0000000000,0.0000000000,0.0000000000,0.1200000000,0.0000000000,0.0000000000,0.0000000000,0.0000000000,0.0000000000
71,A,0.7200000000,0.9359677518,0.3124337111,2.5496797213,False,0.7200000000,0.0000000000,0.0000000000,0.0300000000,0.0000000000,0.0000000000,0.0000000000,0.0000000000,0.1600000000,0.0000000000,0.0000000000,0.0000000000,0.0000000000,0.0000000000,0.0100000000,0.0000000000,0.0300000000,0.0500000000,0.0000000000,0.0000000000
72,A,0.6100000000,1.0467173838,0.3494028465,2.8482859257,False,0.6100000000,0.0000000000,0.0000000000,0.0100000000,0.0000000000,0.0000000000,0.0000000000,0.0000000000,0.0500000000,0.0100000000,0.0000000000,0.0000000000,0.0000000000,0.0000000000,0.0500000000,0.0000000000,0.2700000000,0.0000000000,0.0000000000,0.0000000000
73,E,0.6200000000,0.9046191410,0.3019692878,2.4709906448,False,0.0200000000,0.0000000000,0.0000000000,0.6200000000,0.0000000000,0.0000000000,0.0000000000,0.0000000000,0.3000000000,0.0000000000,0.0000000000,0.0000000000,0.0000000000,0.0000000000,0.0600000000,0.0000000000,0.0000000000,0.0000000000,0.0000000000,0.0000000000
74,E,0.7200000000,0.8164505202,0.2725378791,2.2624550301,False,0.0200000000,0.0000000000,0.0000000000,0.7200000000,0.0000000000,0.0000000000,0.0000000000,0.0000000000,0.1900000000,0.0000000000,0.0000000000,0.0000000000,0.0000000000,0.0000000000,0.0700000000,0.0000000000,0.0000000000,0.0000000000,0.0000000000,0.0000000000
75,A,0.9500000000,0.2235353645,0.0746179378,1.2504898625,False,0.9500000000,0.0400000000,0.0000000000,0.0000000000,0.0000000000,0.0000000000,0.0000000000,0.0000000000,0.0000000000,0.0000000000,0.0000000000,0.0000000000,0.0000000000,0.0000000000,0.0000000000,0.0000000000,0.0100000000,0.0000000000,0.0000000000,0.0000000000
76,E,0.4400000000,1.0113148281,0.3375851831,2.7492133828,False,0.0000000000,0.0000000000,0.0000000000,0.4400000000,0.0000000000,0.0000000000,0.0000000000,0.0000000000,0.4400000000,0.0000000000,0.0000000000,0.0000000000,0.0000000000,0.0000000000,0.1100000000,0.0000000000,0.0100000000,0.0000000000,0.0000000000,0.0000000000
77,R,0.5300000000,1.1832676020,0.3949844292,3.2650255952,False,0.0000000000,0.0000000000,0.0000000000,0.1600000000,0.0000000000,0.0000000000,0.0000000000,0.0000000000,0.0000000000,0.0000000000,0.0000000000,0.0000000000,0.0000000000,0.0200000000,0.5300000000,0.0400000000,0.2500000000,0.0000000000,0.0000000000,0.0000000000
78,A,0.8400000000,0.6060252027,0.2022961825,1.8331305763,False,0.8400000000,0.0000000000,0.0000000000,0.0400000000,0.0000000000,0.0000000000,0.0000000000,0.0000000000,0.0400000000,0.0000000000,0.0000000000,0.0000000000,0.0000000000,0.0000000000,0.0000000000,0.0000000000,0.0000000000,0.0800000000,0.0000000000,0.0000000000
79,A,1.0000000000,-0.0000000000,-0.0000000000,1.0000000000,True,1.0000000000,0.0000000000,0.0000000000,0.0000000000,0.0000000000,0.0000000000,0.0000000000,0.0000000000,0.0000000000,0.0000000000,0.0000000000,0.0000000000,0.0000000000,0.0000000000,0.0000000000,0.0000000000,0.0000000000,0.0000000000,0.0000000000,0.0000000000
80,L,0.8500000000,0.5518367964,0.1842076481,1.7364395764,False,0.0000000000,0.0000000000,0.0000000000,0.0200000000,0.0000000000,0.0000000000,0.0000000000,0.0000000000,0.0000000000,0.8500000000,0.0000000000,0.0300000000,0.0000000000,0.0000000000,0.1000000000,0.0000000000,0.0000000000,0.0000000000,0.0000000000,0.0000000000
81,R,0.4500000000,1.2039538148,0.4018896566,3.3332700355,False,0.0400000000,0.0000000000,0.0000000000,0.0300000000,0.0000000000,0.1100000000,0.0000000000,0.0000000000,0.0000000000,0.0000000000,0.0000000000,0.0000000000,0.0000000000,0.0000000000,0.4500000000,0.3700000000,0.0000000000,0.0000000000,0.0000000000,0.0000000000
82,A,1.0000000000,-0.0000000000,-0.0000000000,1.0000000000,True,1.0000000000,0.0000000000,0.0000000000,0.0000000000,0.0000000000,0.0000000000,0.0000000000,0.0000000000,0.0000000000,0.0000000000,0.0000000000,0.0000000000,0.0000000000,0.0000000000,0.0000000000,0.0000000000,0.0000000000,0.0000000000,0.0000000000,0.0000000000
83,K,0.6200000000,1.0007896252,0.3340717841,2.7204290999,False,0.0000000000,0.0000000000,0.0000000000,0.2100000000,0.0000000000,0.0100000000,0.0000000000,0.0000000000,0.6200000000,0.0000000000,0.0000000000,0.0000000000,0.0000000000,0.0100000000,0.1500000000,0.0000000000,0.0000000000,0.0000000000,0.0000000000,0.0000000000
84,A,1.0000000000,-0.0000000000,-0.0000000000,1.0000000000,True,1.0000000000,0.0000000000,0.0000000000,0.0000000000,0.0000000000,0.0000000000,0.0000000000,0.0000000000,0.0000000000,0.0000000000,0.0000000000,0.0000000000,0.0000000000,0.0000000000,0.0000000000,0.0000000000,0.0000000000,0.0000000000,0.0000000000,0.0000000000
85,A,1.0000000000,-0.0000000000,-0.0000000000,1.0000000000,True,1.0000000000,0.0000000000,0.0000000000,0.0000000000,0.0000000000,0.0000000000,0.0000000000,0.0000000000,0.0000000000,0.0000000000,0.0000000000,0.0000000000,0.0000000000,0.0000000000,0.0000000000,0.0000000000,0.0000000000,0.0000000000,0.0000000000,0.0000000000
86,V,0.9900000000,0.0560015344,0.0186937714,1.0575993065,False,0.0000000000,0.0000000000,0.0000000000,0.0000000000,0.0000000000,0.0000000000,0.0000000000,0.0000000000,0.0000000000,0.0000000000,0.0000000000,0.0000000000,0.0000000000,0.0000000000,0.0000000000,0.0000000000,0.0000000000,0.9900000000,0.0000000000,0.0100000000
87,Y,1.0000000000,-0.0000000000,-0.0000000000,1.0000000000,True,0.0000000000,0.0000000000,0.0000000000,0.0000000000,0.0000000000,0.0000000000,0.0000000000,0.0000000000,0.0000000000,0.0000000000,0.0000000000,0.0000000000,0.0000000000,0.0000000000,0.0000000000,0.0000000000,0.0000000000,0.0000000000,0.0000000000,1.0000000000
88,G,0.9900000000,0.0560015344,0.0186937714,1.0575993065,False,0.0100000000,0.0000000000,0.0000000000,0.0000000000,0.0000000000,0.9900000000,0.0000000000,0.0000000000,0.0000000000,0.0000000000,0.0000000000,0.0000000000,0.0000000000,0.0000000000,0.0000000000,0.0000000000,0.0000000000,0.0000000000,0.0000000000,0.0000000000
89,A,1.0000000000,-0.0000000000,-0.0000000000,1.0000000000,True,1.0000000000,0.0000000000,0.0000000000,0.0000000000,0.0000000000,0.0000000000,0.0000000000,0.0000000000,0.0000000000,0.0000000000,0.0000000000,0.0000000000,0.0000000000,0.0000000000,0.0000000000,0.0000000000,0.0000000000,0.0000000000,0.0000000000,0.0000000000
90,K,0.7300000000,0.8614692699,0.2875655069,2.3666353666,False,0.0000000000,0.0000000000,0.0000000000,0.0900000000,0.0000000000,0.0000000000,0.0000000000,0.0000000000,0.7300000000,0.0000000000,0.0000000000,0.0000000000,0.0000000000,0.0000000000,0.1300000000,0.0500000000,0.0000000000,0.0000000000,0.0000000000,0.0000000000
