sample_id,target_id,pdb_id,ccd_id,flashbind_record_id,status,ligand_rmsd_pocket_A,ligand_rmsd_global_A,ligand_internal_rmsd_A,protein_pocket_ca_rmsd_A,protein_global_ca_rmsd_A,contact_precision_4A,contact_recall_4A,contact_jaccard_4A
cdk2_1h1q,cdk2,1H1Q,2A6,cdk2_lig-1h1q,complete,0.5662073642742949,0.5512375064286729,0.36267177420984514,0.2061578684282316,0.1735891078122736,0.9333333333333333,0.8235294117647058,0.7777777777777778
cdk2_1h1r,cdk2,1H1R,6CP,cdk2_lig-1h1r,complete,1.5948248257361157,1.6028742466872485,1.4154104521458872,0.20925084261558013,0.30829489413119865,0.8666666666666667,0.8666666666666667,0.7647058823529411
cdk2_1h1s,cdk2,1H1S,4SP,cdk2_lig-1h1s,complete,0.4848605069258878,0.47213047448501294,0.46526978740470165,0.21941694912077556,0.2906558938593562,1.0,0.8333333333333334,0.8333333333333334
cdk2_1oi9,cdk2,1OI9,N20,cdk2_lig-1oi9,complete,0.1850444167667817,0.16791797973725572,0.13986470135313517,0.17842293110812465,0.26927440564940014,0.8666666666666667,0.8666666666666667,0.7647058823529411
cdk2_1oiu,cdk2,1OIU,N76,cdk2_lig-1oiu,complete,0.39843627556089245,0.3644923187456646,0.21025949647928502,0.1433349142624309,0.3863586991791858,0.9333333333333333,0.9333333333333333,0.875
cdk2_1oiy,cdk2,1OIY,N41,cdk2_lig-1oiy,complete,0.3033746137053929,0.25796586782974945,0.2361382078180506,0.16166551991774863,0.27434628359688024,0.9333333333333333,0.875,0.8235294117647058
tyk2_ejm_46,tyk2,4GIH,0X5,tyk2_lig-ejm-46,complete,0.22313874219574817,0.20707339354812593,0.1461881455079247,0.16624776644435613,0.17856873897289938,1.0,1.0,1.0
tyk2_jmc_23,tyk2,4GJ2,0XH,tyk2_lig-jmc-23,complete,0.0767020734268141,0.022509250458190785,0.004995775817423403,0.26768905775509083,0.21637858412691963,1.0,1.0,1.0
jnk1_17124-1,jnk1,2GMX,877,jnk1_lig-17124-1,complete,0.608858596306388,0.6130067724863169,0.5262084825898593,0.09209919529200632,0.1049946983530997,0.9285714285714286,0.8666666666666667,0.8125
p38_p38a_3fln,p38,3FLN,3FN,p38_lig-p38a-3fln,complete,0.6598171272442741,0.7158957982470533,0.4962847104710872,0.2662539918846607,0.36312785999382974,0.8461538461538461,0.6470588235294118,0.5789473684210527
p38_p38a_3flq,p38,3FLQ,891,p38_lig-p38a-3flq,complete,1.1704824420225604,1.335682942909168,0.4195941495554536,0.43545222950018797,0.5300418009004386,0.8571428571428571,0.75,0.6666666666666666
p38_p38a_3flw,p38,3FLW,FLW,p38_lig-p38a-3flw,complete,0.7039008203588694,0.7030089683695846,0.5700488006432468,0.24116293011127604,0.23772358843038044,0.9411764705882353,0.8421052631578947,0.8
p38_p38a_3fly,p38,3FLY,FLY,p38_lig-p38a-3fly,complete,0.7683550256432835,0.7921692474205076,0.42643056899564225,0.1734357853889784,0.1832302781819977,0.7857142857142857,0.7333333333333333,0.6111111111111112
p38_p38a_3flz,p38,3FLZ,FLZ,p38_lig-p38a-3flz,complete,0.7263333364062168,0.7178847936202015,0.4319486272611109,0.19764788034805092,0.2506097730156519,0.8333333333333334,0.7692307692307693,0.6666666666666666
p38_p38a_3fmh,p38,3FMH,533,p38_lig-p38a-3fmh,complete,1.061551632922436,1.0773627147876423,0.7226014444122046,0.2370507190201395,0.2811888907223086,0.8,0.8,0.6666666666666666
p38_p38a_3fmk,p38,3FMK,FMK,p38_lig-p38a-3fmk,complete,0.8795339351536248,0.953554711090218,0.6056617834350788,0.32769440646663694,0.4127390177720769,0.8235294117647058,0.7368421052631579,0.6363636363636364
