sample_id,runs_n_poses_cluster,boltz2_june2023_familiarity,nesso1_sep2021_familiarity,nesso1_interface_expected_distance_mae_angstrom,boltz2_interface_expected_distance_mae_angstrom,nesso1_token_contact_f1_at_6a,boltz2_token_contact_f1_at_6a,nesso1_physical_pocket_f1_at_6a,boltz2_physical_pocket_f1_at_6a
7ftm__1__1.A__1.C__1.C,c861,0.0,0.0,13.051774733454929,16.371380579703995,0.0,0.0,0.0,0.0
7fzl__1__1.A__1.B__1.B,c6,53.64562683858447,53.64562683858447,1.026849131824478,0.9425956738130309,0.46153846153846156,0.611764705882353,0.16,0.8695652173913043
8a2p__1__1.A__1.B__1.B,c439,89.54601281676176,89.54601281676176,0.3937149274990114,0.5033699204315832,0.8661417322834646,0.7874015748031497,0.6666666666666666,0.9387755102040816
8a3a__1__1.A__1.B__1.B,c442,85.26525529295843,85.26525529295843,0.20943621922233077,0.15787991470976345,0.9174311926605504,0.9702970297029702,0.7741935483870968,1.0
8am2__1__1.A__1.D__1.D,c761,34.723492302862354,34.723492302862354,1.265230200938147,3.2702189002168245,0.5833333333333334,0.3626373626373627,0.35,0.8181818181818182
8aqf__1__1.A__1.B__1.B,c783,34.50054524205617,34.50054524205617,0.4249693278847063,0.6570106507515714,0.8659003831417624,0.801418439716312,0.711864406779661,0.9230769230769231
8atb__1__1.A__1.C__1.C,c108,38.91880339350374,37.91754741906538,0.4524021266467526,0.3333436629944414,0.8862745098039215,0.922509225092251,0.6956521739130435,0.9333333333333333
8c3r__1__1.A__1.C__1.C,c1,59.22817030364997,59.22817030364997,1.940876657160443,2.02884634651929,0.2829268292682927,0.291497975708502,0.6666666666666666,0.8076923076923077
8c3u__1__1.A__1.C__1.C,c586,6.568433136082542,6.568433136082542,8.684208369280881,12.77169527903498,0.0,0.0,0.0,0.0
8chk__1__1.A__1.D__1.D,c112,77.54387026300974,60.29971744179956,0.4526091159042131,0.4453307896294228,0.7999999999999999,0.8157894736842106,0.6399999999999999,0.9696969696969697
8cjg__1__1.A__1.D__1.D,c248,0.0,0.0,7.049583691834003,0.8808624528200247,0.0,0.7428571428571428,0.0,0.8444444444444444
8cju__1__1.A__1.B__1.B,c845,45.23262200646084,45.23262200646084,1.3865635005043822,4.390387958594224,0.7,0.02898550724637681,0.39999999999999997,0.9333333333333333
8crl__1__1.A__1.C__1.C,c207,71.37311810155991,71.37311810155991,0.520847484031598,0.6397107473035656,0.8036529680365297,0.7802690582959642,0.7272727272727273,0.9859154929577464
8fxn__1__1.A__1.B__1.B,c7,64.41514256546552,52.94592120377818,0.7228936506548567,0.46195291898974156,0.6845637583892616,0.8654970760233918,0.7096774193548387,0.8947368421052632
8g9d__1__1.A__1.B__1.B,c600,65.94943421035202,65.94943421035202,2.1281444601182864,3.6578074368720004,0.24390243902439024,0.020202020202020204,0.4666666666666667,0.8695652173913043
8gkf__1__1.A__1.J__1.J,c410,34.54159952876428,34.54159952876428,1.9548403099823968,0.4570195836033924,0.19999999999999998,0.824858757062147,0.14285714285714288,0.9090909090909091
8h7r__1__1.A__1.B__1.B,c799,40.04212592708052,40.04212592708052,3.7563092578748236,3.872152078773812,0.20779220779220778,0.2,0.5142857142857142,0.7346938775510204
8haq__1__1.A__1.C__1.C,c145,76.17206894724892,76.17206894724892,2.9156399477479757,0.7600434108848613,0.2777777777777778,0.7938144329896907,0.7499999999999999,0.888888888888889
8iqt__1__1.A__1.B__1.B,c67,97.13521273818846,96.58080543933056,0.12569513694551349,0.09962399550661721,0.9302325581395349,0.9608938547486034,0.7407407407407407,0.9850746268656716
8iui__1__1.A__1.C__1.C,c690,70.6881205136031,61.13260002999535,0.5238080369357228,0.887147058228565,0.8194444444444444,0.8374999999999999,0.6451612903225806,0.909090909090909
8jb3__1__1.A__1.B__1.B,c443,15.751748524240652,15.751748524240652,11.54012505169754,14.650360383489463,0.0,0.0,0.0,0.0
8jjq__1__1.A__1.D__1.D,c121,0.0,0.0,0.4900078634592269,0.596048974127638,0.8731563421828908,0.8128654970760234,0.7887323943661972,0.9411764705882352
8jmp__1__1.A__1.D__1.D,c289,41.85272222570043,19.345753401967222,2.903900334624251,1.7934738048535264,0.026666666666666665,0.6666666666666666,0.1904761904761905,0.8125000000000001
8jot__1__1.A__1.B__1.B,c456,50.28909994450141,50.28909994450141,0.8045274102646673,0.8757319421016181,0.9017857142857144,0.8771929824561403,0.888888888888889,0.975609756097561
8k5y__1__1.A__1.H__1.H,c806,26.050368301193565,26.050368301193565,4.9228431316963155,9.250948893190593,0.0,0.0,0.0,0.11320754716981132
8ouu__1__1.A__1.F__1.F,c259,35.96800570706436,35.96800570706436,5.854406349624831,7.139909317459107,0.032432432432432434,0.026785714285714284,0.17777777777777776,0.2413793103448276
8ovr__1__1.A__1.B__1.B,c518,32.203582633144954,31.496370518421784,5.316688311306716,6.5074568342091785,0.0,0.11904761904761905,0.1904761904761905,0.15384615384615383
8p0p__1__1.A__1.C__1.C,c189,29.762636550202597,29.7626365502026,1.6396027311603154,1.1996209724198763,0.7258064516129032,0.5863874345549738,0.40909090909090906,0.8493150684931505
8pfl__1__1.A__1.C__1.C,c905,4.331234352354144,4.331234352354144,10.00294089137347,14.232534271331385,0.0,0.0,0.0,0.15151515151515152
8pom__1__1.A__1.C__1.C,c168,58.87644818301344,58.87644818301344,0.3691027355041092,0.2519026026447619,0.8936170212765957,0.9128205128205128,0.6808510638297872,0.9841269841269841
8q0u__1__1.A__1.D__1.D,c118,17.287554123211553,16.336599158860704,5.067214034393931,7.314338220742959,0.20987654320987653,0.17117117117117114,0.16216216216216214,0.4
8q2w__1__1.A__1.C__1.C,c81,70.78618272190258,69.62492912511388,0.2311953779652563,0.31721986278314956,0.9075630252100839,0.8947368421052632,0.8125000000000001,0.918918918918919
8qnh__1__1.A__1.B__1.B,c98,83.97932813600674,6.6849712338891,5.528617199911181,7.398465611316285,0.0,0.5454545454545454,0.25,0.7936507936507937
8rdk__1__1.A__1.D__1.D,c306,62.44046818078171,62.44046818078171,1.3162780104769598,0.6859554622622843,0.39416058394160586,0.7901234567901235,0.5333333333333333,0.8444444444444444
8s98__1__1.A__1.D__1.D,c318,85.11598830153491,85.11598830153491,0.24781945360790053,0.24997755168142508,0.9154228855721392,0.914572864321608,0.8108108108108109,0.9545454545454546
8sge__1__1.A__1.H__1.H,c660,32.000394346205404,29.46423533234201,3.049396704282568,1.834582102957158,0.2962962962962963,0.6111111111111112,0.43243243243243246,0.8888888888888888
8skn__1__1.A__1.C__1.C,c903,7.661078544617784,7.661078544617784,8.716954388037932,23.646453020589206,0.0,0.0,0.0,0.0
8sx2__1__1.A__1.C__1.C,c170,84.41950145224763,84.41950145224763,0.782613510896091,0.34076401010072854,0.9074074074074073,0.9344978165938864,0.7547169811320755,0.9393939393939394
8sze__1__1.A__1.C__1.C,c253,93.01359708496295,91.07060953781004,0.4355043913699186,0.330780844028141,0.8737864077669903,0.8771929824561403,0.6206896551724138,1.0
8t1y__1__1.A__1.B__1.B,c59,91.9855817126704,91.9855817126704,0.41164079884219806,0.43143938790060155,0.9066666666666667,0.9295774647887323,0.6666666666666666,0.9130434782608695
8t9v__1__1.A__1.B__1.B,c75,82.42267773755012,78.41593672366072,10.772235667728825,0.3304514208651329,0.0,0.925,0.0,1.0
8tce__1__1.A__1.C__1.C,c808,54.40280555617624,54.40280555617624,1.0927163496451862,0.6083531920569764,0.5999999999999999,0.8148148148148148,0.625,0.888888888888889
8tqv__1__1.A__1.C__1.C,c731,15.476736927032317,12.365405571000856,5.826556887583289,6.396242420789411,0.0,0.12648221343873517,0.1081081081081081,0.7272727272727272
8typ__1__1.A__1.C__1.C,c230,64.72173357676911,64.72173357676911,1.2197925137856984,0.43059696905915607,0.7586206896551725,0.8767123287671232,0.5555555555555556,0.9803921568627451
8u7x__1__1.A__1.C__1.C,c60,66.84693807440355,66.84693807440355,0.28459601380296184,0.285680184825086,0.9264069264069265,0.8977777777777779,0.8181818181818181,0.9600000000000001
8wrj__1__1.A__1.B__1.B,c24,53.513767905797856,30.44984453410815,2.876338342167368,2.036794895654419,0.028169014084507043,0.2434782608695652,0.14285714285714288,0.8163265306122449
8wsm__1__1.A__1.D__1.D,c658,31.85215730975993,8.554153418060151,8.6326339836746,1.5141515375681485,0.0,0.5057471264367817,0.05555555555555555,0.8771929824561403
8x1a__1__1.A__1.B__1.B,c348,95.97328843068908,95.97328843068908,0.3747936751152173,0.32191453551428806,0.8947368421052632,0.9191919191919192,0.8,1.0
8y33__1__1.A__1.B__1.B,c489,58.31914151509564,58.31914151509564,1.4955559364431645,4.831593263688654,0.4385026737967915,0.08791208791208792,0.3181818181818182,0.7941176470588235
