sample_id,target_id,pdb_id,ccd_id,ligand_rmsd_pocket_A,ligand_rmsd_global_A,ligand_internal_rmsd_A,protein_pocket_ca_rmsd_A,protein_global_ca_rmsd_A,contact_precision_4A,contact_recall_4A,contact_jaccard_4A
cdk2_1h1q,cdk2,1H1Q,2A6,0.72167930,0.73925748,0.61742490,0.36724833,1.20820630,0.94444444,0.94444444,0.89473684
cdk2_1h1r,cdk2,1H1R,6CP,1.50224721,1.46466020,1.37883718,0.35246672,1.23864945,0.82352941,0.87500000,0.73684211
cdk2_1h1s,cdk2,1H1S,4SP,0.31323351,0.39802243,0.22385764,0.38209389,1.27271895,1.00000000,0.94736842,0.94736842
cdk2_1oi9,cdk2,1OI9,N20,0.85364843,0.77428712,0.62260572,0.33887338,1.22360387,0.86666667,0.81250000,0.72222222
cdk2_1oiu,cdk2,1OIU,N76,2.15210574,2.14417071,1.97422060,0.34396713,1.07254344,0.84210526,1.00000000,0.84210526
cdk2_1oiy,cdk2,1OIY,N41,0.29727808,0.32559717,0.23630070,0.26029594,1.05541581,0.94444444,1.00000000,0.94444444
tyk2_ejm_46,tyk2,4GIH,0X5,0.18051736,0.28537463,0.13312195,0.19850733,0.34270484,1.00000000,1.00000000,1.00000000
tyk2_jmc_23,tyk2,4GJ2,0XH,0.29570950,0.32704786,0.24026082,0.28781056,0.31690491,1.00000000,0.94444444,0.94444444
jnk1_17124-1,jnk1,2GMX,877,0.50185189,0.47950769,0.44506396,0.46002543,1.02528780,0.93333333,0.93333333,0.87500000
p38_p38a_3fln,p38,3FLN,3FN,1.13729500,0.65408854,0.16203163,2.30525838,1.56223122,0.88235294,0.83333333,0.75000000
p38_p38a_3flq,p38,3FLQ,891,1.10814864,1.22007952,0.96705734,0.41732673,2.28525510,0.86666667,0.76470588,0.68421053
p38_p38a_3flw,p38,3FLW,FLW,1.11113024,0.48277250,0.31858212,2.52960871,1.66534474,0.88235294,0.75000000,0.68181818
p38_p38a_3fly,p38,3FLY,FLY,1.17520104,0.25466717,0.18382420,2.41783907,1.11546999,0.87500000,0.87500000,0.77777778
p38_p38a_3flz,p38,3FLZ,FLZ,0.54725705,0.76655499,0.33889473,0.47382310,1.53586707,0.87500000,1.00000000,0.87500000
p38_p38a_3fmh,p38,3FMH,533,2.79029132,2.42276684,2.22261569,2.75448179,1.74845434,0.81250000,0.81250000,0.68421053
p38_p38a_3fmk,p38,3FMK,FMK,0.94149708,0.88182239,0.70205382,2.08144467,1.84683897,0.88888889,0.80000000,0.72727273
